attack_group_id,display_name,country_code,first_observed_year,target_categories,victim_countries,motivation_tags,notes,reference_url
G0067,,,,"","","Espionage","Backfilled motivation from ATT&CK group description: North Korean state-sponsored cyber espionage group active since at least 2012.",https://attack.mitre.org/groups/G0067/
G1007,,,,"","","Espionage","Backfilled motivation from ATT&CK group description: suspected Chinese cyber espionage threat group active since at least 2013.",https://attack.mitre.org/groups/G1007/
G0047,,,,"","","Espionage","Backfilled motivation from ATT&CK group description: suspected Russian cyber espionage group targeting Ukraine since at least 2013.",https://attack.mitre.org/groups/G0047/
G0092,,,,"","","Financial Gain","Backfilled motivation from ATT&CK group description: cyber criminal group active since at least 2014 and associated with ransomware campaigns.",https://attack.mitre.org/groups/G0092/
G0131,,,,"","","Espionage","Backfilled motivation from ATT&CK group description: suspected Chinese state-sponsored cyber espionage threat group active since at least 2009.",https://attack.mitre.org/groups/G0131/
G0134,,,,"","","Espionage","Backfilled motivation from ATT&CK group description: suspected Pakistan-based threat group primarily targeting diplomatic defense and research organizations since at least 2013.",https://attack.mitre.org/groups/G0134/
G0102,,,,"","","Financial Gain","Backfilled motivation from ATT&CK group description: financially motivated Russia-based threat group associated with TrickBot and ransomware since at least 2016.",https://attack.mitre.org/groups/G0102/
G0049,,IR,,,,,"Backfilled country from ATT&CK group description: suspected Iranian threat group targeting Middle Eastern and international victims since at least 2014.",https://attack.mitre.org/groups/G0049/
G0006,,,2006,,,,"Backfilled first observed year from ATT&CK-linked reporting (Mandiant APT1) referenced by the ATT&CK group page.",https://attack.mitre.org/groups/G0006/
G0005,,,2010,,,,"Backfilled first observed year from ATT&CK-linked reporting referenced by the ATT&CK group page.",https://attack.mitre.org/groups/G0005/
G0022,,,2010,,,,"Backfilled first observed year from ATT&CK-linked reporting referenced by the ATT&CK group page.",https://attack.mitre.org/groups/G0022/
G0066,,,2009,,,,"Backfilled first observed year from ATT&CK group description: reportedly responsible for the 2009 Google intrusion known as Operation Aurora.",https://attack.mitre.org/groups/G0066/
G0024,,,2007,,,,"Backfilled first observed year from ATT&CK-linked CrowdStrike reporting referenced by the ATT&CK group page.",https://attack.mitre.org/groups/G0024/
G0075,,,2017,,,,"Backfilled first observed year from ATT&CK-linked reporting referenced by the ATT&CK group page.",https://attack.mitre.org/groups/G0075/
G0018,,,2012,,,,"Backfilled first observed year from ATT&CK-linked reporting referenced by the ATT&CK group page.",https://attack.mitre.org/groups/G0018/
G1003,,,,Government|Telecommunications|Critical infrastructure,,,"Backfilled target categories from ATT&CK group description: primarily focused on Ukrainian government and telecommunication entities and operated against critical infrastructure.",https://attack.mitre.org/groups/G1003/
G0095,,BR,,,,,"Backfilled country from public reporting cited by ATT&CK-aligned research: Spanish-speaking Machete activity has been assessed as likely originating from Brazil.",https://attack.mitre.org/groups/G0095/
G0054,,UN,,,,,"Backfilled country as unknown because public reporting does not support a country-of-origin attribution for Sowbug.",https://attack.mitre.org/groups/G0054/
G0087,,,,Telecommunications|Education|Hospitality|Individuals,,Espionage,"Backfilled tranche 1 target categories and motivation tags from ATT&CK group description and manual review.",https://attack.mitre.org/groups/G0087/
G1023,,,,Defense|Telecommunications,,Espionage,"Backfilled tranche 1 target categories and motivation tags from ATT&CK group description and manual review.",https://attack.mitre.org/groups/G1023/
G1030,,,,Government|Technology,,Espionage|Sabotage,"Backfilled tranche 1 target categories and motivation tags from ATT&CK group description and manual review; excluded Financial Gain because reported ransomware usage is treated as destructive cover activity.",https://attack.mitre.org/groups/G1030/
G0138,,,,Government|Defense|Finance,,Espionage|Financial Gain|Sabotage,"Backfilled tranche 1 target categories and motivation tags from ATT&CK group description and manual review.",https://attack.mitre.org/groups/G0138/
G1002,,,,Government|Energy|Manufacturing,,Espionage,"Backfilled tranche 1 target categories and motivation tags from ATT&CK group description and manual review.",https://attack.mitre.org/groups/G1002/
G0098,,,,Manufacturing|Media,,Espionage,"Backfilled tranche 1 target categories and motivation tags from ATT&CK group description and manual review.",https://attack.mitre.org/groups/G0098/
G1021,,,,Government,,Espionage|Financial Gain,"Backfilled tranche 1 target categories and motivation tags from ATT&CK group description and manual review.",https://attack.mitre.org/groups/G1021/
G1052,,,,Finance|Technology|Individuals,,Espionage|Financial Gain,"Backfilled tranche 1 target categories and motivation tags from ATT&CK group description and manual review.",https://attack.mitre.org/groups/G1052/
G0070,,,,Government|Individuals|Telecommunications,,Espionage,"Backfilled tranche 1 target categories and motivation tags from ATT&CK group description and manual review.",https://attack.mitre.org/groups/G0070/
G0137,,,,Individuals,,Espionage,"Backfilled tranche 1 target categories and motivation tags from ATT&CK group description and manual review.",https://attack.mitre.org/groups/G0137/
G0117,,,,Government|Defense|Energy|Healthcare|Manufacturing|Technology,,Espionage,"Backfilled tranche 1 target categories and motivation tags from ATT&CK group description and manual review.",https://attack.mitre.org/groups/G0117/
G0093,,,,Government|Telecommunications|Education|Finance,,Espionage,"Backfilled tranche 1 target categories and motivation tags from ATT&CK group description and manual review.",https://attack.mitre.org/groups/G0093/
G0125,,,,Government|Defense|Education|Healthcare|NGOs|Legal,,Espionage,"Backfilled tranche 1 target categories and motivation tags from ATT&CK group description and manual review.",https://attack.mitre.org/groups/G0125/
G0136,,,,Government,,Espionage,"Backfilled tranche 1 target categories and motivation tags from ATT&CK group description and manual review.",https://attack.mitre.org/groups/G0136/
G0119,,,,Finance|Technology|Healthcare,,Financial Gain,"Backfilled tranche 1 target categories and motivation tags from ATT&CK group description and manual review.",https://attack.mitre.org/groups/G0119/
G0059,,,,Government|Defense|Education|Healthcare|Manufacturing|Individuals,,Espionage,"Backfilled tranche 1 target categories and motivation tags from ATT&CK group description and manual review.",https://attack.mitre.org/groups/G0059/
G1009,,,,Government|Education|Energy|Finance|Manufacturing|Hospitality,,Financial Gain|Sabotage,"Backfilled tranche 1 target categories and motivation tags from ATT&CK group description and manual review.",https://attack.mitre.org/groups/G1009/
G0129,,,,Government|Education|NGOs|Religious organization,,Espionage,"Backfilled tranche 1 target categories and motivation tags from ATT&CK group description and manual review.",https://attack.mitre.org/groups/G0129/
G0133,,,,Government|Individuals,,Espionage,"Backfilled tranche 1 target categories and motivation tags from ATT&CK group description and manual review.",https://attack.mitre.org/groups/G0133/
G0056,,,,Government|Individuals,,Espionage,"Backfilled tranche 1 target categories and motivation tags from ATT&CK group description and manual review.",https://attack.mitre.org/groups/G0056/
G1045,,,,Telecommunications,,Espionage,"Backfilled tranche 1 target categories and motivation tags from ATT&CK group description and manual review.",https://attack.mitre.org/groups/G1045/
G1041,,,,Government|Technology|Telecommunications,,Espionage,"Backfilled tranche 1 target categories and motivation tags from ATT&CK group description and manual review.",https://attack.mitre.org/groups/G1041/
G1008,,,,Government|Individuals,,Espionage,"Backfilled tranche 1 target categories and motivation tags from ATT&CK group description and manual review.",https://attack.mitre.org/groups/G1008/
G0083,,,,Education|Manufacturing|Technology,,Financial Gain,"Backfilled tranche 1 target categories and motivation tags from ATT&CK group description and manual review.",https://attack.mitre.org/groups/G0083/
G1033,,,,Government|Defense|Education|NGOs,,Espionage,"Backfilled tranche 1 target categories and motivation tags from ATT&CK group description and manual review.",https://attack.mitre.org/groups/G1033/
G0081,,,,Government|Healthcare|Technology|Transportation,,Espionage,"Backfilled tranche 1 target categories and motivation tags from ATT&CK group description and manual review.",https://attack.mitre.org/groups/G0081/
G1048,,,,Defense|Telecommunications|Technology,,Espionage,"Backfilled tranche 1 target categories and motivation tags from ATT&CK group description and manual review.",https://attack.mitre.org/groups/G1048/
G0123,,,,Individuals,,Hacktivism,"Backfilled tranche 1 target categories and motivation tags from ATT&CK group description and manual review.",https://attack.mitre.org/groups/G0123/
G1017,,,,Critical infrastructure|Technology,,Espionage|Sabotage,"Backfilled tranche 1 target categories and motivation tags from ATT&CK group description and manual review.",https://attack.mitre.org/groups/G1017/
G0090,,,,Government|Defense|Technology|Legal,,Espionage,"Backfilled tranche 1 target categories and motivation tags from ATT&CK group description and manual review.",https://attack.mitre.org/groups/G0090/
G0082,,KP,,Finance,,Financial Gain|Sabotage,"Backfilled tranche 2 country, target categories, and motivation tags from ATT&CK group description and manual review.",https://attack.mitre.org/groups/G0082/
G0096,,CN,,Telecommunications|Healthcare|Technology|Retail,,Espionage|Financial Gain,"Backfilled tranche 2 country, target categories, and motivation tags from ATT&CK group description and manual review.",https://attack.mitre.org/groups/G0096/
G0143,,CN,,Government|Telecommunications|Technology,,Espionage,"Backfilled tranche 2 country, target categories, and motivation tags from ATT&CK group description and manual review.",https://attack.mitre.org/groups/G0143/
G0001,,CN,,Government|Defense|Manufacturing|Media,,Espionage,"Backfilled tranche 2 country, target categories, and motivation tags from ATT&CK group description and manual review.",https://attack.mitre.org/groups/G0001/
G0035,,RU,,Government|Defense|Energy|Transportation|Critical infrastructure,,Espionage,"Backfilled tranche 2 country, target categories, and motivation tags from ATT&CK group description and manual review.",https://attack.mitre.org/groups/G0035/
G1006,,CN,,Government|Telecommunications|Education|Media|NGOs,,Espionage|Financial Gain,"Backfilled tranche 2 country, target categories, and motivation tags from ATT&CK group description and manual review.",https://attack.mitre.org/groups/G1006/
G0053,,RU,,Finance|Hospitality,,Financial Gain,"Backfilled tranche 2 country, target categories, and motivation tags from ATT&CK group description and manual review.",https://attack.mitre.org/groups/G0053/
G0094,,KP,,Government|Education|Individuals,,Espionage,"Backfilled tranche 2 country, target categories, and motivation tags from ATT&CK group description and manual review.",https://attack.mitre.org/groups/G0094/
G1014,,CN,,Government,,Espionage,"Backfilled tranche 2 country, target categories, and motivation tags from ATT&CK group description and manual review.",https://attack.mitre.org/groups/G1014/
G1026,,BR,,Finance,,Financial Gain,"Backfilled tranche 2 country, target categories, and motivation tags from ATT&CK group description and manual review.",https://attack.mitre.org/groups/G1026/
G0019,,CN,,Government|Defense|Critical infrastructure,,Espionage,"Backfilled tranche 2 country, target categories, and motivation tags from ATT&CK group description and manual review.",https://attack.mitre.org/groups/G0019/
G0114,,CN,,Manufacturing|Transportation,,Espionage,"Backfilled tranche 2 country, target categories, and motivation tags from ATT&CK group description and manual review.",https://attack.mitre.org/groups/G0114/
G0032,,KP,,Government|Defense|Finance|Technology|Media,,Espionage|Financial Gain|Sabotage,"Backfilled tranche 2 country, target categories, and motivation tags from ATT&CK group description and manual review.",https://attack.mitre.org/groups/G0032/
G1036,,KP,,Defense|Technology,,Espionage|Financial Gain,"Backfilled tranche 2 country, target categories, and motivation tags from ATT&CK group description and manual review.",https://attack.mitre.org/groups/G1036/
G1031,,RU,,Government,,Espionage|Sabotage,"Backfilled tranche 2 country, target categories, and motivation tags from ATT&CK group description and manual review.",https://attack.mitre.org/groups/G1031/
G0044,,CN,,Hospitality,,Espionage|Financial Gain,"Backfilled tranche 2 country, target categories, and motivation tags from ATT&CK group description and manual review.",https://attack.mitre.org/groups/G0044/
G1043,,,,Critical infrastructure,,Financial Gain,"Backfilled tranche 2 target categories and motivation tags from ATT&CK group description and manual review; country remains unset pending verified attribution.",https://attack.mitre.org/groups/G1043/
G0008,,,,Finance,,Financial Gain,"Backfilled tranche 2 target categories and motivation tags from ATT&CK group description and manual review; country remains unset pending verified attribution.",https://attack.mitre.org/groups/G0008/
G0080,,,,Finance,,Financial Gain,"Backfilled tranche 2 target categories and motivation tags from ATT&CK group description and manual review; country remains unset pending verified attribution.",https://attack.mitre.org/groups/G0080/
G1011,,,,Healthcare|Technology,,Financial Gain,"Backfilled tranche 2 target categories and motivation tags from ATT&CK group description and manual review; country remains unset pending verified attribution.",https://attack.mitre.org/groups/G1011/
G0046,,,,Finance|Healthcare|Technology|Retail|Hospitality|Transportation|Media,,Financial Gain,"Backfilled tranche 2 target categories and motivation tags from ATT&CK group description and manual review; country remains unset pending verified attribution.",https://attack.mitre.org/groups/G0046/
G0061,,,,Technology|Hospitality|Retail,,Financial Gain,"Backfilled tranche 2 target categories and motivation tags from ATT&CK group description and manual review; country remains unset pending verified attribution.",https://attack.mitre.org/groups/G0061/
G1032,,,,Healthcare|Critical infrastructure,,Financial Gain,"Backfilled tranche 2 target categories and motivation tags from ATT&CK group description and manual review; country remains unset pending verified attribution.",https://attack.mitre.org/groups/G1032/
G1051,,,,Critical infrastructure,,Financial Gain,"Backfilled tranche 2 target categories and motivation tags from ATT&CK group description and manual review; country remains unset pending verified attribution.",https://attack.mitre.org/groups/G1051/
G1015,,,,Telecommunications|Technology|Hospitality|Retail|Finance,,Financial Gain,"Backfilled tranche 2 target categories and motivation tags from ATT&CK group description and manual review; country remains unset pending verified attribution.",https://attack.mitre.org/groups/G1015/
G1050,,,,Finance,,Financial Gain,"Backfilled tranche 2 target categories and motivation tags from ATT&CK group description and manual review; country remains unset pending verified attribution.",https://attack.mitre.org/groups/G1050/
